{"v":"4.8.0","meta":{"g":"LottieFiles AE 1.0.0","a":"","k":"","d":"","tc":""},"fr":60,"ip":0,"op":180,"w":800,"h":600,"nm":"Loading","ddd":0,"assets":[{"id":"comp_0","layers":[{"ddd":0,"ind":1,"ty":4,"nm":"Vector 61","sr":1,"ks":{"o":{"a":0,"k":100,"ix":11},"r":{"a":0,"k":0,"ix":10},"p":{"a":0,"k":[606.034,164.112,0],"ix":2},"a":{"a":0,"k":[188,-134,0],"ix":1},"s":{"a":0,"k":[100,100,100],"ix":6}},"ao":0,"shapes":[{"ty":"gr","it":[{"ind":0,"ty":"sh","ix":1,"ks":{"a":0,"k":{"i":[[0,0],[0,0],[0,0],[0,0]],"o":[[0,0],[0,0],[0,0],[0,0]],"v":[[187.024,-138.985],[-187.024,27.984],[-164.637,138.985],[-136.653,59.698]],"c":true},"ix":2},"nm":"Контур 1","mn":"ADBE Vector Shape - Group","hd":false},{"ty":"fl","c":{"a":0,"k":[0.33725490196078434,0.7725490196078432,0.21568627450980393,1],"ix":4},"o":{"a":0,"k":100,"ix":5},"r":1,"bm":0,"nm":"Заливка 1","mn":"ADBE Vector Graphic - Fill","hd":false},{"ty":"tr","p":{"a":0,"k":[0,0],"ix":2},"a":{"a":0,"k":[0,0],"ix":1},"s":{"a":0,"k":[100,100],"ix":3},"r":{"a":0,"k":0,"ix":6},"o":{"a":0,"k":100,"ix":7},"sk":{"a":0,"k":0,"ix":4},"sa":{"a":0,"k":0,"ix":5},"nm":"Transform"}],"nm":"Vector 61","np":2,"cix":2,"bm":0,"ix":1,"mn":"ADBE Vector Group","hd":false}],"ip":0,"op":180,"st":0,"bm":0},{"ddd":0,"ind":2,"ty":4,"nm":"Vector 60","sr":1,"ks":{"o":{"a":0,"k":100,"ix":11},"r":{"a":0,"k":0,"ix":10},"p":{"a":0,"k":[380.256,299.511,0],"ix":2},"a":{"a":0,"k":[0,0,0],"ix":1},"s":{"a":0,"k":[100,100,100],"ix":6}},"ao":0,"shapes":[{"ty":"gr","it":[{"ind":0,"ty":"sh","ix":1,"ks":{"a":0,"k":{"i":[[0,0],[0,0],[0,0]],"o":[[0,0],[0,0],[0,0]],"v":[[246.256,-152.511],[-246.256,-40.576],[35.446,152.511]],"c":true},"ix":2},"nm":"Контур 1","mn":"ADBE Vector Shape - Group","hd":false},{"ty":"fl","c":{"a":0,"k":[0.4117647058823529,1,0.24705882352941178,1],"ix":4},"o":{"a":0,"k":100,"ix":5},"r":1,"bm":0,"nm":"Заливка 1","mn":"ADBE Vector Graphic - Fill","hd":false},{"ty":"tr","p":{"a":0,"k":[0,0],"ix":2},"a":{"a":0,"k":[0,0],"ix":1},"s":{"a":0,"k":[100,100],"ix":3},"r":{"a":0,"k":0,"ix":6},"o":{"a":0,"k":100,"ix":7},"sk":{"a":0,"k":0,"ix":4},"sa":{"a":0,"k":0,"ix":5},"nm":"Transform"}],"nm":"Vector 60","np":2,"cix":2,"bm":0,"ix":1,"mn":"ADBE Vector Group","hd":false}],"ip":0,"op":180,"st":0,"bm":0},{"ddd":0,"ind":3,"ty":4,"nm":"Vector 62","sr":1,"ks":{"o":{"a":0,"k":100,"ix":11},"r":{"a":0,"k":0,"ix":10},"p":{"a":0,"k":[286.977,397.453,0],"ix":2},"a":{"a":0,"k":[0,0,0],"ix":1},"s":{"a":0,"k":[100,100,100],"ix":6}},"ao":0,"shapes":[{"ty":"gr","it":[{"ind":0,"ty":"sh","ix":1,"ks":{"a":0,"k":{"i":[[0,0],[0,0],[0,0]],"o":[[0,0],[0,0],[0,0]],"v":[[33.58,-10.727],[-33.58,39.643],[-8.395,-39.643]],"c":true},"ix":2},"nm":"Контур 1","mn":"ADBE Vector Shape - Group","hd":false},{"ty":"fl","c":{"a":0,"k":[0.23790833354,0.545833349228,0.091881990433,1],"ix":4},"o":{"a":0,"k":100,"ix":5},"r":1,"bm":0,"nm":"Заливка 1","mn":"ADBE Vector Graphic - Fill","hd":false},{"ty":"tr","p":{"a":0,"k":[0,0],"ix":2},"a":{"a":0,"k":[0,0],"ix":1},"s":{"a":0,"k":[100,100],"ix":3},"r":{"a":0,"k":0,"ix":6},"o":{"a":0,"k":100,"ix":7},"sk":{"a":0,"k":0,"ix":4},"sa":{"a":0,"k":0,"ix":5},"nm":"Transform"}],"nm":"Vector 62","np":2,"cix":2,"bm":0,"ix":1,"mn":"ADBE Vector Group","hd":false}],"ip":0,"op":180,"st":0,"bm":0}]}],"layers":[{"ddd":0,"ind":1,"ty":4,"nm":"Union","sr":1,"ks":{"o":{"a":1,"k":[{"i":{"x":[0.667],"y":[1]},"o":{"x":[0.333],"y":[0]},"t":36,"s":[0]},{"i":{"x":[0.708],"y":[1]},"o":{"x":[0.302],"y":[0]},"t":45,"s":[100]},{"i":{"x":[0.78],"y":[1]},"o":{"x":[0.426],"y":[0]},"t":149,"s":[100]},{"t":155,"s":[0]}],"ix":11},"r":{"a":0,"k":0,"ix":10},"p":{"a":1,"k":[{"i":{"x":0.833,"y":0.833},"o":{"x":0.167,"y":0.167},"t":36,"s":[134.969,417.489,0],"to":[98.138,0,0],"ti":[-212.283,0,0]},{"i":{"x":0.833,"y":0.833},"o":{"x":0.167,"y":0.167},"t":155,"s":[664.499,417.489,0],"to":[75.771,0,0],"ti":[-35.029,0,0]},{"t":188,"s":[933.969,417.489,0]}],"ix":2},"a":{"a":0,"k":[0,0,0],"ix":1},"s":{"a":0,"k":[79.082,79.082,100],"ix":6}},"ao":0,"shapes":[{"ty":"gr","it":[{"d":1,"ty":"el","s":{"a":0,"k":[147.38,147.38],"ix":2},"p":{"a":0,"k":[0,-2.798],"ix":3},"nm":"Контур эллипса 1","mn":"ADBE Vector Shape - Ellipse","hd":false},{"d":1,"ty":"el","s":{"a":0,"k":[87.682,87.682],"ix":2},"p":{"a":0,"k":[-89.548,27.051],"ix":3},"nm":"Контур эллипса 2","mn":"ADBE Vector Shape - Ellipse","hd":false},{"d":1,"ty":"el","s":{"a":0,"k":[87.682,87.682],"ix":2},"p":{"a":0,"k":[87.682,27.051],"ix":3},"nm":"Контур эллипса 3","mn":"ADBE Vector Shape - Ellipse","hd":false},{"d":1,"ty":"el","s":{"a":0,"k":[57.833,57.833],"ix":2},"p":{"a":0,"k":[138.052,47.572],"ix":3},"nm":"Контур эллипса 4","mn":"ADBE Vector Shape - Ellipse","hd":false},{"d":1,"ty":"el","s":{"a":0,"k":[46.639,46.639],"ix":2},"p":{"a":0,"k":[-143.649,53.169],"ix":3},"nm":"Контур эллипса 5","mn":"ADBE Vector Shape - Ellipse","hd":false},{"ty":"rc","d":1,"s":{"a":0,"k":[281.702,29.849],"ix":2},"p":{"a":0,"k":[-3.731,61.564],"ix":3},"r":{"a":0,"k":0,"ix":4},"nm":"Контур прямоугольника 1","mn":"ADBE Vector Shape - Rect","hd":false},{"ty":"mm","mm":1,"nm":"Объединить контуры 1","mn":"ADBE Vector Filter - Merge","hd":false},{"ty":"fl","c":{"a":0,"k":[0.8627450980392157,0.8392156862745098,0.9686274509803922,1],"ix":4},"o":{"a":0,"k":80,"ix":5},"r":1,"bm":0,"nm":"Заливка 1","mn":"ADBE Vector Graphic - Fill","hd":false},{"ty":"tr","p":{"a":0,"k":[0,0],"ix":2},"a":{"a":0,"k":[0,0],"ix":1},"s":{"a":0,"k":[100,100],"ix":3},"r":{"a":0,"k":0,"ix":6},"o":{"a":0,"k":100,"ix":7},"sk":{"a":0,"k":0,"ix":4},"sa":{"a":0,"k":0,"ix":5},"nm":"Transform"}],"nm":"Union","np":8,"cix":2,"bm":0,"ix":1,"mn":"ADBE Vector Group","hd":false}],"ip":36,"op":216,"st":36,"bm":0},{"ddd":0,"ind":3,"ty":0,"nm":"plain","refId":"comp_0","sr":1,"ks":{"o":{"a":0,"k":100,"ix":11},"r":{"a":1,"k":[{"i":{"x":[0.585],"y":[0.813]},"o":{"x":[0.167],"y":[-0.101]},"t":0,"s":[2.766]},{"i":{"x":[0.821],"y":[1]},"o":{"x":[0.239],"y":[0.372]},"t":40,"s":[25.678]},{"i":{"x":[0.657],"y":[0.477]},"o":{"x":[0.265],"y":[0]},"t":78,"s":[32]},{"i":{"x":[0.622],"y":[0.568]},"o":{"x":[0.222],"y":[0.283]},"t":120,"s":[21.309]},{"t":181,"s":[2.766]}],"ix":10},"p":{"a":1,"k":[{"i":{"x":0.667,"y":1},"o":{"x":0.167,"y":0.357},"t":0,"s":[432,290.765,0],"to":[0,-10.23,0],"ti":[0,0,0]},{"i":{"x":0.64,"y":0.863},"o":{"x":0.333,"y":0},"t":36,"s":[432,252,0],"to":[0,0,0],"ti":[0,0,0]},{"i":{"x":0.711,"y":1},"o":{"x":0.275,"y":0.174},"t":81,"s":[432,341.695,0],"to":[0,0,0],"ti":[0,0,0]},{"i":{"x":0.606,"y":0.479},"o":{"x":0.171,"y":0},"t":123,"s":[432,392,0],"to":[0,0,0],"ti":[0,38.35,0]},{"t":181,"s":[432,290.765,0]}],"ix":2},"a":{"a":0,"k":[432,272,0],"ix":1},"s":{"a":0,"k":[100,100,100],"ix":6}},"ao":0,"w":800,"h":600,"ip":0,"op":180,"st":0,"bm":0},{"ddd":0,"ind":4,"ty":4,"nm":"Union","sr":1,"ks":{"o":{"a":1,"k":[{"i":{"x":[0.667],"y":[1]},"o":{"x":[0.167],"y":[0.167]},"t":11,"s":[0]},{"i":{"x":[0.833],"y":[1]},"o":{"x":[0.333],"y":[0]},"t":16,"s":[100]},{"i":{"x":[0.833],"y":[1]},"o":{"x":[0.167],"y":[0]},"t":171,"s":[100]},{"t":179,"s":[0]}],"ix":11},"r":{"a":0,"k":0,"ix":10},"p":{"a":1,"k":[{"i":{"x":0.833,"y":0.833},"o":{"x":0.167,"y":0.167},"t":11,"s":[628.969,159.489,0],"to":[-2.185,0,0],"ti":[189.815,0,0]},{"t":179,"s":[170.969,159.489,0]}],"ix":2},"a":{"a":0,"k":[0,0,0],"ix":1},"s":{"a":0,"k":[100,100,100],"ix":6}},"ao":0,"shapes":[{"ty":"gr","it":[{"d":1,"ty":"el","s":{"a":0,"k":[147.38,147.38],"ix":2},"p":{"a":0,"k":[0,-2.798],"ix":3},"nm":"Контур эллипса 1","mn":"ADBE Vector Shape - Ellipse","hd":false},{"d":1,"ty":"el","s":{"a":0,"k":[87.682,87.682],"ix":2},"p":{"a":0,"k":[-89.548,27.051],"ix":3},"nm":"Контур эллипса 2","mn":"ADBE Vector Shape - Ellipse","hd":false},{"d":1,"ty":"el","s":{"a":0,"k":[87.682,87.682],"ix":2},"p":{"a":0,"k":[87.682,27.051],"ix":3},"nm":"Контур эллипса 3","mn":"ADBE Vector Shape - Ellipse","hd":false},{"d":1,"ty":"el","s":{"a":0,"k":[57.833,57.833],"ix":2},"p":{"a":0,"k":[138.052,47.572],"ix":3},"nm":"Контур эллипса 4","mn":"ADBE Vector Shape - Ellipse","hd":false},{"d":1,"ty":"el","s":{"a":0,"k":[46.639,46.639],"ix":2},"p":{"a":0,"k":[-143.649,53.169],"ix":3},"nm":"Контур эллипса 5","mn":"ADBE Vector Shape - Ellipse","hd":false},{"ty":"rc","d":1,"s":{"a":0,"k":[281.702,29.849],"ix":2},"p":{"a":0,"k":[-3.731,61.564],"ix":3},"r":{"a":0,"k":0,"ix":4},"nm":"Контур прямоугольника 1","mn":"ADBE Vector Shape - Rect","hd":false},{"ty":"mm","mm":1,"nm":"Объединить контуры 1","mn":"ADBE Vector Filter - Merge","hd":false},{"ty":"fl","c":{"a":0,"k":[0.8,0.7686274509803922,0.9411764705882353,1],"ix":4},"o":{"a":0,"k":100,"ix":5},"r":1,"bm":0,"nm":"Заливка 1","mn":"ADBE Vector Graphic - Fill","hd":false},{"ty":"tr","p":{"a":0,"k":[0,0],"ix":2},"a":{"a":0,"k":[0,0],"ix":1},"s":{"a":0,"k":[100,100],"ix":3},"r":{"a":0,"k":0,"ix":6},"o":{"a":0,"k":100,"ix":7},"sk":{"a":0,"k":0,"ix":4},"sa":{"a":0,"k":0,"ix":5},"nm":"Transform"}],"nm":"Union","np":8,"cix":2,"bm":0,"ix":1,"mn":"ADBE Vector Group","hd":false}],"ip":0,"op":180,"st":0,"bm":0}],"markers":[]}